name,type,direction,description
feat_000,float,,GLACIER multimodal fused embedding dimension 0
feat_001,float,,GLACIER multimodal fused embedding dimension 1
feat_002,float,,GLACIER multimodal fused embedding dimension 2
feat_003,float,,GLACIER multimodal fused embedding dimension 3
feat_004,float,,GLACIER multimodal fused embedding dimension 4
feat_005,float,,GLACIER multimodal fused embedding dimension 5
feat_006,float,,GLACIER multimodal fused embedding dimension 6
feat_007,float,,GLACIER multimodal fused embedding dimension 7
feat_008,float,,GLACIER multimodal fused embedding dimension 8
feat_009,float,,GLACIER multimodal fused embedding dimension 9
feat_010,float,,GLACIER multimodal fused embedding dimension 10
feat_011,float,,GLACIER multimodal fused embedding dimension 11
feat_012,float,,GLACIER multimodal fused embedding dimension 12
feat_013,float,,GLACIER multimodal fused embedding dimension 13
feat_014,float,,GLACIER multimodal fused embedding dimension 14
feat_015,float,,GLACIER multimodal fused embedding dimension 15
feat_016,float,,GLACIER multimodal fused embedding dimension 16
feat_017,float,,GLACIER multimodal fused embedding dimension 17
feat_018,float,,GLACIER multimodal fused embedding dimension 18
feat_019,float,,GLACIER multimodal fused embedding dimension 19
feat_020,float,,GLACIER multimodal fused embedding dimension 20
feat_021,float,,GLACIER multimodal fused embedding dimension 21
feat_022,float,,GLACIER multimodal fused embedding dimension 22
feat_023,float,,GLACIER multimodal fused embedding dimension 23
feat_024,float,,GLACIER multimodal fused embedding dimension 24
feat_025,float,,GLACIER multimodal fused embedding dimension 25
feat_026,float,,GLACIER multimodal fused embedding dimension 26
feat_027,float,,GLACIER multimodal fused embedding dimension 27
feat_028,float,,GLACIER multimodal fused embedding dimension 28
feat_029,float,,GLACIER multimodal fused embedding dimension 29
feat_030,float,,GLACIER multimodal fused embedding dimension 30
feat_031,float,,GLACIER multimodal fused embedding dimension 31
feat_032,float,,GLACIER multimodal fused embedding dimension 32
feat_033,float,,GLACIER multimodal fused embedding dimension 33
feat_034,float,,GLACIER multimodal fused embedding dimension 34
feat_035,float,,GLACIER multimodal fused embedding dimension 35
feat_036,float,,GLACIER multimodal fused embedding dimension 36
feat_037,float,,GLACIER multimodal fused embedding dimension 37
feat_038,float,,GLACIER multimodal fused embedding dimension 38
feat_039,float,,GLACIER multimodal fused embedding dimension 39
feat_040,float,,GLACIER multimodal fused embedding dimension 40
feat_041,float,,GLACIER multimodal fused embedding dimension 41
feat_042,float,,GLACIER multimodal fused embedding dimension 42
feat_043,float,,GLACIER multimodal fused embedding dimension 43
feat_044,float,,GLACIER multimodal fused embedding dimension 44
feat_045,float,,GLACIER multimodal fused embedding dimension 45
feat_046,float,,GLACIER multimodal fused embedding dimension 46
feat_047,float,,GLACIER multimodal fused embedding dimension 47
feat_048,float,,GLACIER multimodal fused embedding dimension 48
feat_049,float,,GLACIER multimodal fused embedding dimension 49
feat_050,float,,GLACIER multimodal fused embedding dimension 50
feat_051,float,,GLACIER multimodal fused embedding dimension 51
feat_052,float,,GLACIER multimodal fused embedding dimension 52
feat_053,float,,GLACIER multimodal fused embedding dimension 53
feat_054,float,,GLACIER multimodal fused embedding dimension 54
feat_055,float,,GLACIER multimodal fused embedding dimension 55
feat_056,float,,GLACIER multimodal fused embedding dimension 56
feat_057,float,,GLACIER multimodal fused embedding dimension 57
feat_058,float,,GLACIER multimodal fused embedding dimension 58
feat_059,float,,GLACIER multimodal fused embedding dimension 59
feat_060,float,,GLACIER multimodal fused embedding dimension 60
feat_061,float,,GLACIER multimodal fused embedding dimension 61
feat_062,float,,GLACIER multimodal fused embedding dimension 62
feat_063,float,,GLACIER multimodal fused embedding dimension 63
feat_064,float,,GLACIER multimodal fused embedding dimension 64
feat_065,float,,GLACIER multimodal fused embedding dimension 65
feat_066,float,,GLACIER multimodal fused embedding dimension 66
feat_067,float,,GLACIER multimodal fused embedding dimension 67
feat_068,float,,GLACIER multimodal fused embedding dimension 68
feat_069,float,,GLACIER multimodal fused embedding dimension 69
feat_070,float,,GLACIER multimodal fused embedding dimension 70
feat_071,float,,GLACIER multimodal fused embedding dimension 71
feat_072,float,,GLACIER multimodal fused embedding dimension 72
feat_073,float,,GLACIER multimodal fused embedding dimension 73
feat_074,float,,GLACIER multimodal fused embedding dimension 74
feat_075,float,,GLACIER multimodal fused embedding dimension 75
feat_076,float,,GLACIER multimodal fused embedding dimension 76
feat_077,float,,GLACIER multimodal fused embedding dimension 77
feat_078,float,,GLACIER multimodal fused embedding dimension 78
feat_079,float,,GLACIER multimodal fused embedding dimension 79
feat_080,float,,GLACIER multimodal fused embedding dimension 80
feat_081,float,,GLACIER multimodal fused embedding dimension 81
feat_082,float,,GLACIER multimodal fused embedding dimension 82
feat_083,float,,GLACIER multimodal fused embedding dimension 83
feat_084,float,,GLACIER multimodal fused embedding dimension 84
feat_085,float,,GLACIER multimodal fused embedding dimension 85
feat_086,float,,GLACIER multimodal fused embedding dimension 86
feat_087,float,,GLACIER multimodal fused embedding dimension 87
feat_088,float,,GLACIER multimodal fused embedding dimension 88
feat_089,float,,GLACIER multimodal fused embedding dimension 89
feat_090,float,,GLACIER multimodal fused embedding dimension 90
feat_091,float,,GLACIER multimodal fused embedding dimension 91
feat_092,float,,GLACIER multimodal fused embedding dimension 92
feat_093,float,,GLACIER multimodal fused embedding dimension 93
feat_094,float,,GLACIER multimodal fused embedding dimension 94
feat_095,float,,GLACIER multimodal fused embedding dimension 95
feat_096,float,,GLACIER multimodal fused embedding dimension 96
feat_097,float,,GLACIER multimodal fused embedding dimension 97
feat_098,float,,GLACIER multimodal fused embedding dimension 98
feat_099,float,,GLACIER multimodal fused embedding dimension 99
feat_100,float,,GLACIER multimodal fused embedding dimension 100
feat_101,float,,GLACIER multimodal fused embedding dimension 101
feat_102,float,,GLACIER multimodal fused embedding dimension 102
feat_103,float,,GLACIER multimodal fused embedding dimension 103
feat_104,float,,GLACIER multimodal fused embedding dimension 104
feat_105,float,,GLACIER multimodal fused embedding dimension 105
feat_106,float,,GLACIER multimodal fused embedding dimension 106
feat_107,float,,GLACIER multimodal fused embedding dimension 107
feat_108,float,,GLACIER multimodal fused embedding dimension 108
feat_109,float,,GLACIER multimodal fused embedding dimension 109
feat_110,float,,GLACIER multimodal fused embedding dimension 110
feat_111,float,,GLACIER multimodal fused embedding dimension 111
feat_112,float,,GLACIER multimodal fused embedding dimension 112
feat_113,float,,GLACIER multimodal fused embedding dimension 113
feat_114,float,,GLACIER multimodal fused embedding dimension 114
feat_115,float,,GLACIER multimodal fused embedding dimension 115
feat_116,float,,GLACIER multimodal fused embedding dimension 116
feat_117,float,,GLACIER multimodal fused embedding dimension 117
feat_118,float,,GLACIER multimodal fused embedding dimension 118
feat_119,float,,GLACIER multimodal fused embedding dimension 119
feat_120,float,,GLACIER multimodal fused embedding dimension 120
feat_121,float,,GLACIER multimodal fused embedding dimension 121
feat_122,float,,GLACIER multimodal fused embedding dimension 122
feat_123,float,,GLACIER multimodal fused embedding dimension 123
feat_124,float,,GLACIER multimodal fused embedding dimension 124
feat_125,float,,GLACIER multimodal fused embedding dimension 125
feat_126,float,,GLACIER multimodal fused embedding dimension 126
feat_127,float,,GLACIER multimodal fused embedding dimension 127
feat_128,float,,GLACIER multimodal fused embedding dimension 128
feat_129,float,,GLACIER multimodal fused embedding dimension 129
feat_130,float,,GLACIER multimodal fused embedding dimension 130
feat_131,float,,GLACIER multimodal fused embedding dimension 131
feat_132,float,,GLACIER multimodal fused embedding dimension 132
feat_133,float,,GLACIER multimodal fused embedding dimension 133
feat_134,float,,GLACIER multimodal fused embedding dimension 134
feat_135,float,,GLACIER multimodal fused embedding dimension 135
feat_136,float,,GLACIER multimodal fused embedding dimension 136
feat_137,float,,GLACIER multimodal fused embedding dimension 137
feat_138,float,,GLACIER multimodal fused embedding dimension 138
feat_139,float,,GLACIER multimodal fused embedding dimension 139
feat_140,float,,GLACIER multimodal fused embedding dimension 140
feat_141,float,,GLACIER multimodal fused embedding dimension 141
feat_142,float,,GLACIER multimodal fused embedding dimension 142
feat_143,float,,GLACIER multimodal fused embedding dimension 143
feat_144,float,,GLACIER multimodal fused embedding dimension 144
feat_145,float,,GLACIER multimodal fused embedding dimension 145
feat_146,float,,GLACIER multimodal fused embedding dimension 146
feat_147,float,,GLACIER multimodal fused embedding dimension 147
feat_148,float,,GLACIER multimodal fused embedding dimension 148
feat_149,float,,GLACIER multimodal fused embedding dimension 149
feat_150,float,,GLACIER multimodal fused embedding dimension 150
feat_151,float,,GLACIER multimodal fused embedding dimension 151
feat_152,float,,GLACIER multimodal fused embedding dimension 152
feat_153,float,,GLACIER multimodal fused embedding dimension 153
feat_154,float,,GLACIER multimodal fused embedding dimension 154
feat_155,float,,GLACIER multimodal fused embedding dimension 155
feat_156,float,,GLACIER multimodal fused embedding dimension 156
feat_157,float,,GLACIER multimodal fused embedding dimension 157
feat_158,float,,GLACIER multimodal fused embedding dimension 158
feat_159,float,,GLACIER multimodal fused embedding dimension 159
feat_160,float,,GLACIER multimodal fused embedding dimension 160
feat_161,float,,GLACIER multimodal fused embedding dimension 161
feat_162,float,,GLACIER multimodal fused embedding dimension 162
feat_163,float,,GLACIER multimodal fused embedding dimension 163
feat_164,float,,GLACIER multimodal fused embedding dimension 164
feat_165,float,,GLACIER multimodal fused embedding dimension 165
feat_166,float,,GLACIER multimodal fused embedding dimension 166
feat_167,float,,GLACIER multimodal fused embedding dimension 167
feat_168,float,,GLACIER multimodal fused embedding dimension 168
feat_169,float,,GLACIER multimodal fused embedding dimension 169
feat_170,float,,GLACIER multimodal fused embedding dimension 170
feat_171,float,,GLACIER multimodal fused embedding dimension 171
feat_172,float,,GLACIER multimodal fused embedding dimension 172
feat_173,float,,GLACIER multimodal fused embedding dimension 173
feat_174,float,,GLACIER multimodal fused embedding dimension 174
feat_175,float,,GLACIER multimodal fused embedding dimension 175
feat_176,float,,GLACIER multimodal fused embedding dimension 176
feat_177,float,,GLACIER multimodal fused embedding dimension 177
feat_178,float,,GLACIER multimodal fused embedding dimension 178
feat_179,float,,GLACIER multimodal fused embedding dimension 179
feat_180,float,,GLACIER multimodal fused embedding dimension 180
feat_181,float,,GLACIER multimodal fused embedding dimension 181
feat_182,float,,GLACIER multimodal fused embedding dimension 182
feat_183,float,,GLACIER multimodal fused embedding dimension 183
feat_184,float,,GLACIER multimodal fused embedding dimension 184
feat_185,float,,GLACIER multimodal fused embedding dimension 185
feat_186,float,,GLACIER multimodal fused embedding dimension 186
feat_187,float,,GLACIER multimodal fused embedding dimension 187
feat_188,float,,GLACIER multimodal fused embedding dimension 188
feat_189,float,,GLACIER multimodal fused embedding dimension 189
feat_190,float,,GLACIER multimodal fused embedding dimension 190
feat_191,float,,GLACIER multimodal fused embedding dimension 191
feat_192,float,,GLACIER multimodal fused embedding dimension 192
feat_193,float,,GLACIER multimodal fused embedding dimension 193
feat_194,float,,GLACIER multimodal fused embedding dimension 194
feat_195,float,,GLACIER multimodal fused embedding dimension 195
feat_196,float,,GLACIER multimodal fused embedding dimension 196
feat_197,float,,GLACIER multimodal fused embedding dimension 197
feat_198,float,,GLACIER multimodal fused embedding dimension 198
feat_199,float,,GLACIER multimodal fused embedding dimension 199
feat_200,float,,GLACIER multimodal fused embedding dimension 200
feat_201,float,,GLACIER multimodal fused embedding dimension 201
feat_202,float,,GLACIER multimodal fused embedding dimension 202
feat_203,float,,GLACIER multimodal fused embedding dimension 203
feat_204,float,,GLACIER multimodal fused embedding dimension 204
feat_205,float,,GLACIER multimodal fused embedding dimension 205
feat_206,float,,GLACIER multimodal fused embedding dimension 206
feat_207,float,,GLACIER multimodal fused embedding dimension 207
feat_208,float,,GLACIER multimodal fused embedding dimension 208
feat_209,float,,GLACIER multimodal fused embedding dimension 209
feat_210,float,,GLACIER multimodal fused embedding dimension 210
feat_211,float,,GLACIER multimodal fused embedding dimension 211
feat_212,float,,GLACIER multimodal fused embedding dimension 212
feat_213,float,,GLACIER multimodal fused embedding dimension 213
feat_214,float,,GLACIER multimodal fused embedding dimension 214
feat_215,float,,GLACIER multimodal fused embedding dimension 215
feat_216,float,,GLACIER multimodal fused embedding dimension 216
feat_217,float,,GLACIER multimodal fused embedding dimension 217
feat_218,float,,GLACIER multimodal fused embedding dimension 218
feat_219,float,,GLACIER multimodal fused embedding dimension 219
feat_220,float,,GLACIER multimodal fused embedding dimension 220
feat_221,float,,GLACIER multimodal fused embedding dimension 221
feat_222,float,,GLACIER multimodal fused embedding dimension 222
feat_223,float,,GLACIER multimodal fused embedding dimension 223
feat_224,float,,GLACIER multimodal fused embedding dimension 224
feat_225,float,,GLACIER multimodal fused embedding dimension 225
feat_226,float,,GLACIER multimodal fused embedding dimension 226
feat_227,float,,GLACIER multimodal fused embedding dimension 227
feat_228,float,,GLACIER multimodal fused embedding dimension 228
feat_229,float,,GLACIER multimodal fused embedding dimension 229
feat_230,float,,GLACIER multimodal fused embedding dimension 230
feat_231,float,,GLACIER multimodal fused embedding dimension 231
feat_232,float,,GLACIER multimodal fused embedding dimension 232
feat_233,float,,GLACIER multimodal fused embedding dimension 233
feat_234,float,,GLACIER multimodal fused embedding dimension 234
feat_235,float,,GLACIER multimodal fused embedding dimension 235
feat_236,float,,GLACIER multimodal fused embedding dimension 236
feat_237,float,,GLACIER multimodal fused embedding dimension 237
feat_238,float,,GLACIER multimodal fused embedding dimension 238
feat_239,float,,GLACIER multimodal fused embedding dimension 239
feat_240,float,,GLACIER multimodal fused embedding dimension 240
feat_241,float,,GLACIER multimodal fused embedding dimension 241
feat_242,float,,GLACIER multimodal fused embedding dimension 242
feat_243,float,,GLACIER multimodal fused embedding dimension 243
feat_244,float,,GLACIER multimodal fused embedding dimension 244
feat_245,float,,GLACIER multimodal fused embedding dimension 245
feat_246,float,,GLACIER multimodal fused embedding dimension 246
feat_247,float,,GLACIER multimodal fused embedding dimension 247
feat_248,float,,GLACIER multimodal fused embedding dimension 248
feat_249,float,,GLACIER multimodal fused embedding dimension 249
feat_250,float,,GLACIER multimodal fused embedding dimension 250
feat_251,float,,GLACIER multimodal fused embedding dimension 251
feat_252,float,,GLACIER multimodal fused embedding dimension 252
feat_253,float,,GLACIER multimodal fused embedding dimension 253
feat_254,float,,GLACIER multimodal fused embedding dimension 254
feat_255,float,,GLACIER multimodal fused embedding dimension 255
feat_256,float,,GLACIER multimodal fused embedding dimension 256
feat_257,float,,GLACIER multimodal fused embedding dimension 257
feat_258,float,,GLACIER multimodal fused embedding dimension 258
feat_259,float,,GLACIER multimodal fused embedding dimension 259
feat_260,float,,GLACIER multimodal fused embedding dimension 260
feat_261,float,,GLACIER multimodal fused embedding dimension 261
feat_262,float,,GLACIER multimodal fused embedding dimension 262
feat_263,float,,GLACIER multimodal fused embedding dimension 263
feat_264,float,,GLACIER multimodal fused embedding dimension 264
feat_265,float,,GLACIER multimodal fused embedding dimension 265
feat_266,float,,GLACIER multimodal fused embedding dimension 266
feat_267,float,,GLACIER multimodal fused embedding dimension 267
feat_268,float,,GLACIER multimodal fused embedding dimension 268
feat_269,float,,GLACIER multimodal fused embedding dimension 269
feat_270,float,,GLACIER multimodal fused embedding dimension 270
feat_271,float,,GLACIER multimodal fused embedding dimension 271
feat_272,float,,GLACIER multimodal fused embedding dimension 272
feat_273,float,,GLACIER multimodal fused embedding dimension 273
feat_274,float,,GLACIER multimodal fused embedding dimension 274
feat_275,float,,GLACIER multimodal fused embedding dimension 275
feat_276,float,,GLACIER multimodal fused embedding dimension 276
feat_277,float,,GLACIER multimodal fused embedding dimension 277
feat_278,float,,GLACIER multimodal fused embedding dimension 278
feat_279,float,,GLACIER multimodal fused embedding dimension 279
feat_280,float,,GLACIER multimodal fused embedding dimension 280
feat_281,float,,GLACIER multimodal fused embedding dimension 281
feat_282,float,,GLACIER multimodal fused embedding dimension 282
feat_283,float,,GLACIER multimodal fused embedding dimension 283
feat_284,float,,GLACIER multimodal fused embedding dimension 284
feat_285,float,,GLACIER multimodal fused embedding dimension 285
feat_286,float,,GLACIER multimodal fused embedding dimension 286
feat_287,float,,GLACIER multimodal fused embedding dimension 287
feat_288,float,,GLACIER multimodal fused embedding dimension 288
feat_289,float,,GLACIER multimodal fused embedding dimension 289
feat_290,float,,GLACIER multimodal fused embedding dimension 290
feat_291,float,,GLACIER multimodal fused embedding dimension 291
feat_292,float,,GLACIER multimodal fused embedding dimension 292
feat_293,float,,GLACIER multimodal fused embedding dimension 293
feat_294,float,,GLACIER multimodal fused embedding dimension 294
feat_295,float,,GLACIER multimodal fused embedding dimension 295
feat_296,float,,GLACIER multimodal fused embedding dimension 296
feat_297,float,,GLACIER multimodal fused embedding dimension 297
feat_298,float,,GLACIER multimodal fused embedding dimension 298
feat_299,float,,GLACIER multimodal fused embedding dimension 299
feat_300,float,,GLACIER multimodal fused embedding dimension 300
feat_301,float,,GLACIER multimodal fused embedding dimension 301
feat_302,float,,GLACIER multimodal fused embedding dimension 302
feat_303,float,,GLACIER multimodal fused embedding dimension 303
feat_304,float,,GLACIER multimodal fused embedding dimension 304
feat_305,float,,GLACIER multimodal fused embedding dimension 305
feat_306,float,,GLACIER multimodal fused embedding dimension 306
feat_307,float,,GLACIER multimodal fused embedding dimension 307
feat_308,float,,GLACIER multimodal fused embedding dimension 308
feat_309,float,,GLACIER multimodal fused embedding dimension 309
feat_310,float,,GLACIER multimodal fused embedding dimension 310
feat_311,float,,GLACIER multimodal fused embedding dimension 311
feat_312,float,,GLACIER multimodal fused embedding dimension 312
feat_313,float,,GLACIER multimodal fused embedding dimension 313
feat_314,float,,GLACIER multimodal fused embedding dimension 314
feat_315,float,,GLACIER multimodal fused embedding dimension 315
feat_316,float,,GLACIER multimodal fused embedding dimension 316
feat_317,float,,GLACIER multimodal fused embedding dimension 317
feat_318,float,,GLACIER multimodal fused embedding dimension 318
feat_319,float,,GLACIER multimodal fused embedding dimension 319
feat_320,float,,GLACIER multimodal fused embedding dimension 320
feat_321,float,,GLACIER multimodal fused embedding dimension 321
feat_322,float,,GLACIER multimodal fused embedding dimension 322
feat_323,float,,GLACIER multimodal fused embedding dimension 323
feat_324,float,,GLACIER multimodal fused embedding dimension 324
feat_325,float,,GLACIER multimodal fused embedding dimension 325
feat_326,float,,GLACIER multimodal fused embedding dimension 326
feat_327,float,,GLACIER multimodal fused embedding dimension 327
feat_328,float,,GLACIER multimodal fused embedding dimension 328
feat_329,float,,GLACIER multimodal fused embedding dimension 329
feat_330,float,,GLACIER multimodal fused embedding dimension 330
feat_331,float,,GLACIER multimodal fused embedding dimension 331
feat_332,float,,GLACIER multimodal fused embedding dimension 332
feat_333,float,,GLACIER multimodal fused embedding dimension 333
feat_334,float,,GLACIER multimodal fused embedding dimension 334
feat_335,float,,GLACIER multimodal fused embedding dimension 335
feat_336,float,,GLACIER multimodal fused embedding dimension 336
feat_337,float,,GLACIER multimodal fused embedding dimension 337
feat_338,float,,GLACIER multimodal fused embedding dimension 338
feat_339,float,,GLACIER multimodal fused embedding dimension 339
feat_340,float,,GLACIER multimodal fused embedding dimension 340
feat_341,float,,GLACIER multimodal fused embedding dimension 341
feat_342,float,,GLACIER multimodal fused embedding dimension 342
feat_343,float,,GLACIER multimodal fused embedding dimension 343
feat_344,float,,GLACIER multimodal fused embedding dimension 344
feat_345,float,,GLACIER multimodal fused embedding dimension 345
feat_346,float,,GLACIER multimodal fused embedding dimension 346
feat_347,float,,GLACIER multimodal fused embedding dimension 347
feat_348,float,,GLACIER multimodal fused embedding dimension 348
feat_349,float,,GLACIER multimodal fused embedding dimension 349
feat_350,float,,GLACIER multimodal fused embedding dimension 350
feat_351,float,,GLACIER multimodal fused embedding dimension 351
feat_352,float,,GLACIER multimodal fused embedding dimension 352
feat_353,float,,GLACIER multimodal fused embedding dimension 353
feat_354,float,,GLACIER multimodal fused embedding dimension 354
feat_355,float,,GLACIER multimodal fused embedding dimension 355
feat_356,float,,GLACIER multimodal fused embedding dimension 356
feat_357,float,,GLACIER multimodal fused embedding dimension 357
feat_358,float,,GLACIER multimodal fused embedding dimension 358
feat_359,float,,GLACIER multimodal fused embedding dimension 359
feat_360,float,,GLACIER multimodal fused embedding dimension 360
feat_361,float,,GLACIER multimodal fused embedding dimension 361
feat_362,float,,GLACIER multimodal fused embedding dimension 362
feat_363,float,,GLACIER multimodal fused embedding dimension 363
feat_364,float,,GLACIER multimodal fused embedding dimension 364
feat_365,float,,GLACIER multimodal fused embedding dimension 365
feat_366,float,,GLACIER multimodal fused embedding dimension 366
feat_367,float,,GLACIER multimodal fused embedding dimension 367
feat_368,float,,GLACIER multimodal fused embedding dimension 368
feat_369,float,,GLACIER multimodal fused embedding dimension 369
feat_370,float,,GLACIER multimodal fused embedding dimension 370
feat_371,float,,GLACIER multimodal fused embedding dimension 371
feat_372,float,,GLACIER multimodal fused embedding dimension 372
feat_373,float,,GLACIER multimodal fused embedding dimension 373
feat_374,float,,GLACIER multimodal fused embedding dimension 374
feat_375,float,,GLACIER multimodal fused embedding dimension 375
feat_376,float,,GLACIER multimodal fused embedding dimension 376
feat_377,float,,GLACIER multimodal fused embedding dimension 377
feat_378,float,,GLACIER multimodal fused embedding dimension 378
feat_379,float,,GLACIER multimodal fused embedding dimension 379
feat_380,float,,GLACIER multimodal fused embedding dimension 380
feat_381,float,,GLACIER multimodal fused embedding dimension 381
feat_382,float,,GLACIER multimodal fused embedding dimension 382
feat_383,float,,GLACIER multimodal fused embedding dimension 383
feat_384,float,,GLACIER multimodal fused embedding dimension 384
feat_385,float,,GLACIER multimodal fused embedding dimension 385
feat_386,float,,GLACIER multimodal fused embedding dimension 386
feat_387,float,,GLACIER multimodal fused embedding dimension 387
feat_388,float,,GLACIER multimodal fused embedding dimension 388
feat_389,float,,GLACIER multimodal fused embedding dimension 389
feat_390,float,,GLACIER multimodal fused embedding dimension 390
feat_391,float,,GLACIER multimodal fused embedding dimension 391
feat_392,float,,GLACIER multimodal fused embedding dimension 392
feat_393,float,,GLACIER multimodal fused embedding dimension 393
feat_394,float,,GLACIER multimodal fused embedding dimension 394
feat_395,float,,GLACIER multimodal fused embedding dimension 395
feat_396,float,,GLACIER multimodal fused embedding dimension 396
feat_397,float,,GLACIER multimodal fused embedding dimension 397
feat_398,float,,GLACIER multimodal fused embedding dimension 398
feat_399,float,,GLACIER multimodal fused embedding dimension 399
feat_400,float,,GLACIER multimodal fused embedding dimension 400
feat_401,float,,GLACIER multimodal fused embedding dimension 401
feat_402,float,,GLACIER multimodal fused embedding dimension 402
feat_403,float,,GLACIER multimodal fused embedding dimension 403
feat_404,float,,GLACIER multimodal fused embedding dimension 404
feat_405,float,,GLACIER multimodal fused embedding dimension 405
feat_406,float,,GLACIER multimodal fused embedding dimension 406
feat_407,float,,GLACIER multimodal fused embedding dimension 407
feat_408,float,,GLACIER multimodal fused embedding dimension 408
feat_409,float,,GLACIER multimodal fused embedding dimension 409
feat_410,float,,GLACIER multimodal fused embedding dimension 410
feat_411,float,,GLACIER multimodal fused embedding dimension 411
feat_412,float,,GLACIER multimodal fused embedding dimension 412
feat_413,float,,GLACIER multimodal fused embedding dimension 413
feat_414,float,,GLACIER multimodal fused embedding dimension 414
feat_415,float,,GLACIER multimodal fused embedding dimension 415
feat_416,float,,GLACIER multimodal fused embedding dimension 416
feat_417,float,,GLACIER multimodal fused embedding dimension 417
feat_418,float,,GLACIER multimodal fused embedding dimension 418
feat_419,float,,GLACIER multimodal fused embedding dimension 419
feat_420,float,,GLACIER multimodal fused embedding dimension 420
feat_421,float,,GLACIER multimodal fused embedding dimension 421
feat_422,float,,GLACIER multimodal fused embedding dimension 422
feat_423,float,,GLACIER multimodal fused embedding dimension 423
feat_424,float,,GLACIER multimodal fused embedding dimension 424
feat_425,float,,GLACIER multimodal fused embedding dimension 425
feat_426,float,,GLACIER multimodal fused embedding dimension 426
feat_427,float,,GLACIER multimodal fused embedding dimension 427
feat_428,float,,GLACIER multimodal fused embedding dimension 428
feat_429,float,,GLACIER multimodal fused embedding dimension 429
feat_430,float,,GLACIER multimodal fused embedding dimension 430
feat_431,float,,GLACIER multimodal fused embedding dimension 431
feat_432,float,,GLACIER multimodal fused embedding dimension 432
feat_433,float,,GLACIER multimodal fused embedding dimension 433
feat_434,float,,GLACIER multimodal fused embedding dimension 434
feat_435,float,,GLACIER multimodal fused embedding dimension 435
feat_436,float,,GLACIER multimodal fused embedding dimension 436
feat_437,float,,GLACIER multimodal fused embedding dimension 437
feat_438,float,,GLACIER multimodal fused embedding dimension 438
feat_439,float,,GLACIER multimodal fused embedding dimension 439
feat_440,float,,GLACIER multimodal fused embedding dimension 440
feat_441,float,,GLACIER multimodal fused embedding dimension 441
feat_442,float,,GLACIER multimodal fused embedding dimension 442
feat_443,float,,GLACIER multimodal fused embedding dimension 443
feat_444,float,,GLACIER multimodal fused embedding dimension 444
feat_445,float,,GLACIER multimodal fused embedding dimension 445
feat_446,float,,GLACIER multimodal fused embedding dimension 446
feat_447,float,,GLACIER multimodal fused embedding dimension 447
feat_448,float,,GLACIER multimodal fused embedding dimension 448
feat_449,float,,GLACIER multimodal fused embedding dimension 449
feat_450,float,,GLACIER multimodal fused embedding dimension 450
feat_451,float,,GLACIER multimodal fused embedding dimension 451
feat_452,float,,GLACIER multimodal fused embedding dimension 452
feat_453,float,,GLACIER multimodal fused embedding dimension 453
feat_454,float,,GLACIER multimodal fused embedding dimension 454
feat_455,float,,GLACIER multimodal fused embedding dimension 455
feat_456,float,,GLACIER multimodal fused embedding dimension 456
feat_457,float,,GLACIER multimodal fused embedding dimension 457
feat_458,float,,GLACIER multimodal fused embedding dimension 458
feat_459,float,,GLACIER multimodal fused embedding dimension 459
feat_460,float,,GLACIER multimodal fused embedding dimension 460
feat_461,float,,GLACIER multimodal fused embedding dimension 461
feat_462,float,,GLACIER multimodal fused embedding dimension 462
feat_463,float,,GLACIER multimodal fused embedding dimension 463
feat_464,float,,GLACIER multimodal fused embedding dimension 464
feat_465,float,,GLACIER multimodal fused embedding dimension 465
feat_466,float,,GLACIER multimodal fused embedding dimension 466
feat_467,float,,GLACIER multimodal fused embedding dimension 467
feat_468,float,,GLACIER multimodal fused embedding dimension 468
feat_469,float,,GLACIER multimodal fused embedding dimension 469
feat_470,float,,GLACIER multimodal fused embedding dimension 470
feat_471,float,,GLACIER multimodal fused embedding dimension 471
feat_472,float,,GLACIER multimodal fused embedding dimension 472
feat_473,float,,GLACIER multimodal fused embedding dimension 473
feat_474,float,,GLACIER multimodal fused embedding dimension 474
feat_475,float,,GLACIER multimodal fused embedding dimension 475
feat_476,float,,GLACIER multimodal fused embedding dimension 476
feat_477,float,,GLACIER multimodal fused embedding dimension 477
feat_478,float,,GLACIER multimodal fused embedding dimension 478
feat_479,float,,GLACIER multimodal fused embedding dimension 479
feat_480,float,,GLACIER multimodal fused embedding dimension 480
feat_481,float,,GLACIER multimodal fused embedding dimension 481
feat_482,float,,GLACIER multimodal fused embedding dimension 482
feat_483,float,,GLACIER multimodal fused embedding dimension 483
feat_484,float,,GLACIER multimodal fused embedding dimension 484
feat_485,float,,GLACIER multimodal fused embedding dimension 485
feat_486,float,,GLACIER multimodal fused embedding dimension 486
feat_487,float,,GLACIER multimodal fused embedding dimension 487
feat_488,float,,GLACIER multimodal fused embedding dimension 488
feat_489,float,,GLACIER multimodal fused embedding dimension 489
feat_490,float,,GLACIER multimodal fused embedding dimension 490
feat_491,float,,GLACIER multimodal fused embedding dimension 491
feat_492,float,,GLACIER multimodal fused embedding dimension 492
feat_493,float,,GLACIER multimodal fused embedding dimension 493
feat_494,float,,GLACIER multimodal fused embedding dimension 494
feat_495,float,,GLACIER multimodal fused embedding dimension 495
feat_496,float,,GLACIER multimodal fused embedding dimension 496
feat_497,float,,GLACIER multimodal fused embedding dimension 497
feat_498,float,,GLACIER multimodal fused embedding dimension 498
feat_499,float,,GLACIER multimodal fused embedding dimension 499
feat_500,float,,GLACIER multimodal fused embedding dimension 500
feat_501,float,,GLACIER multimodal fused embedding dimension 501
feat_502,float,,GLACIER multimodal fused embedding dimension 502
feat_503,float,,GLACIER multimodal fused embedding dimension 503
feat_504,float,,GLACIER multimodal fused embedding dimension 504
feat_505,float,,GLACIER multimodal fused embedding dimension 505
feat_506,float,,GLACIER multimodal fused embedding dimension 506
feat_507,float,,GLACIER multimodal fused embedding dimension 507
feat_508,float,,GLACIER multimodal fused embedding dimension 508
feat_509,float,,GLACIER multimodal fused embedding dimension 509
feat_510,float,,GLACIER multimodal fused embedding dimension 510
feat_511,float,,GLACIER multimodal fused embedding dimension 511
